"Обозначение","Номинал","Корпус","Кол-во","Примечание","DNP"
"BZ801","12V active buzzer","Buzzer_Beeper:Buzzer_12x9.5RM7.6","1","",""
"C101","1u 16V X5R","Capacitor_SMD:C_0402_1005Metric","1","РАСЧЁТ: calculations.md",""
"C102,C105","1u 100V","Capacitor_SMD:C_1210_3225Metric","2","",""
"C103,C104","100u 100V","Capacitor_SMD:CP_Elec_10x10.5","2","",""
"C106,C215,C219,C411,C421,C701,C704,C705,C804,C811,C821,C831,C1002","100n","Capacitor_SMD:C_0402_1005Metric","13","",""
"C107","100n 100V","Capacitor_SMD:C_0603_1608Metric","1","",""
"C201","220n","Capacitor_SMD:C_0402_1005Metric","1","РАСЧЁТ: calculations.md",""
"C202","3.3n","Capacitor_SMD:C_0402_1005Metric","1","CHECK_DATASHEET",""
"C203,C222","4.7u 100V","Capacitor_SMD:C_1210_3225Metric","2","",""
"C204,C213,C218,C220","22u 25V","Capacitor_SMD:C_1210_3225Metric","4","",""
"C205,C214,C221","100u 25V","Capacitor_SMD:CP_Elec_10x10.5","3","",""
"C206","10u 25V","Capacitor_SMD:C_0805_2012Metric","1","",""
"C207,C208","22u 10V","Capacitor_SMD:C_0805_2012Metric","2","",""
"C209,C210","1u","Capacitor_SMD:C_0603_1608Metric","2","",""
"C211,C502","10u","Capacitor_SMD:C_0805_2012Metric","2","",""
"C212","10u 100V","Capacitor_SMD:C_1210_3225Metric","1","",""
"C216,C217","100n","Capacitor_SMD:C_0603_1608Metric","2","",""
"C431","1n","Capacitor_SMD:C_0402_1005Metric","1","",""
"C501,C805,C901,C902,C1001","10u 25V","Capacitor_SMD:C_1210_3225Metric","5","",""
"C702,C703","DNP","Capacitor_SMD:C_0402_1005Metric","2","РАСЧЁТ: calculations.md","DNP"
"D101","SM6T75A","Diode_SMD:D_SMB","1","CHECK_DATASHEET",""
"D202","SMAJ15A","Diode_SMD:D_SMA","1","CHECK_DATASHEET",""
"D203","BAT54WS","Diode_SMD:D_SOD-323","1","",""
"D204","12V","LED_SMD:LED_0603_1608Metric","1","",""
"D205","5V","LED_SMD:LED_0603_1608Metric","1","",""
"D206","3V3","LED_SMD:LED_0603_1608Metric","1","",""
"D207","12VA","LED_SMD:LED_0603_1608Metric","1","",""
"D301,D302,D303,D304,D412,D422,D432,D601,D602,D603,D806,D809","ESD9B5.0ST5G","Diode_SMD:D_SOD-923","12","",""
"D411,D421","NUP2105L","Package_TO_SOT_SMD:SOT-23","2","",""
"D433,D811,D812,D813","BAT54S","Package_TO_SOT_SMD:SOT-23","4","",""
"D801,D802,D803,D804,D805,D808","SS14","Diode_SMD:D_SMA","6","",""
"D807","BAT54C","Package_TO_SOT_SMD:SOT-23","1","",""
"F101","7A 60V Littelfuse 0456007","Fuse:Fuse_Littelfuse-NANO2-451_453","1","CHECK_DATASHEET",""
"F202","3A 60V Littelfuse 0456003","Fuse:Fuse_Littelfuse-NANO2-451_453","1","CHECK_DATASHEET",""
"F401,F502,F801,F1001","0.5A","Fuse:Fuse_1206_3216Metric","4","",""
"F402,F901,F902","1.1A","Fuse:Fuse_1812_4532Metric","3","",""
"F403","0.2A","Fuse:Fuse_1206_3216Metric","1","",""
"F501,F802","1.5A","Fuse:Fuse_1812_4532Metric","2","",""
"H101,H102,H103,H104","M3","MountingHole:MountingHole_3.2mm_M3_Pad_Via","4","",""
"J101","PDB_14S XT30","Connector_AMASS:AMASS_XT30PW-M_1x02_P2.50mm_Horizontal","1","",""
"J202","AI_POWER_12V XT30","Connector_AMASS:AMASS_XT30PW-F_1x02_P2.50mm_Horizontal","1","",""
"J301","PX_CAN1 GH4","Connector_JST:JST_GH_SM04B-GHS-TB_1x04-1MP_P1.25mm_Horizontal","1","",""
"J302","PX_CAN2 GH4","Connector_JST:JST_GH_SM04B-GHS-TB_1x04-1MP_P1.25mm_Horizontal","1","",""
"J303","PX_TELEM1 SIYI GH6","Connector_JST:JST_GH_SM06B-GHS-TB_1x06-1MP_P1.25mm_Horizontal","1","",""
"J304","PX_TELEM2 AI GH6","Connector_JST:JST_GH_SM06B-GHS-TB_1x06-1MP_P1.25mm_Horizontal","1","",""
"J305","PX_TELEM3 RADAR GH6","Connector_JST:JST_GH_SM06B-GHS-TB_1x06-1MP_P1.25mm_Horizontal","1","",""
"J306","PX_I2C GH4","Connector_JST:JST_GH_SM04B-GHS-TB_1x04-1MP_P1.25mm_Horizontal","1","",""
"J307","PX_AD&IO GH8","Connector_JST:JST_GH_SM08B-GHS-TB_1x08-1MP_P1.25mm_Horizontal","1","",""
"J308","PX_RC_IN GH3","Connector_JST:JST_GH_SM03B-GHS-TB_1x03-1MP_P1.25mm_Horizontal","1","",""
"J309","PX_MAIN 1-8","Connector_PinHeader_2.54mm:PinHeader_1x10_P2.54mm_Vertical","1","",""
"J310","PX_AUX 1-8","Connector_PinHeader_2.54mm:PinHeader_1x10_P2.54mm_Vertical","1","",""
"J311","FTS GH3","Connector_JST:JST_GH_SM03B-GHS-TB_1x03-1MP_P1.25mm_Horizontal","1","",""
"J312","MODE_SWITCH + LID/BATT_LATCH GH6","Connector_JST:JST_GH_SM06B-GHS-TB_1x06-1MP_P1.25mm_Horizontal","1","",""
"J401","CAN1 ESC CHAIN START GH4","Connector_JST:JST_GH_SM04B-GHS-TB_1x04-1MP_P1.25mm_Horizontal","1","",""
"J402","CAN1 ESC CHAIN RETURN GH4","Connector_JST:JST_GH_SM04B-GHS-TB_1x04-1MP_P1.25mm_Horizontal","1","",""
"J407","PM08-CAN GH4","Connector_JST:JST_GH_SM04B-GHS-TB_1x04-1MP_P1.25mm_Horizontal","1","",""
"J408","BMS CAN GH4","Connector_JST:JST_GH_SM04B-GHS-TB_1x04-1MP_P1.25mm_Horizontal","1","",""
"J409","REMOTE_ID GH4","Connector_JST:JST_GH_SM04B-GHS-TB_1x04-1MP_P1.25mm_Horizontal","1","",""
"J410","GNSS2 (резерв) GH4","Connector_JST:JST_GH_SM04B-GHS-TB_1x04-1MP_P1.25mm_Horizontal","1","",""
"J411","OBSTACLE_1 GH4","Connector_JST:JST_GH_SM04B-GHS-TB_1x04-1MP_P1.25mm_Horizontal","1","",""
"J412","OBSTACLE_2 GH4","Connector_JST:JST_GH_SM04B-GHS-TB_1x04-1MP_P1.25mm_Horizontal","1","",""
"J413","SPRAY_SENSORS GH8 (давл./уровень/расход)","Connector_JST:JST_GH_SM08B-GHS-TB_1x08-1MP_P1.25mm_Horizontal","1","",""
"J421","ESC1-6 PWM backup GH8","Connector_JST:JST_GH_SM08B-GHS-TB_1x08-1MP_P1.25mm_Horizontal","1","",""
"J501","SIYI_PWR XT30","Connector_AMASS:AMASS_XT30PW-F_1x02_P2.50mm_Horizontal","1","",""
"J502","SIYI_DATA GH5","Connector_JST:JST_GH_SM05B-GHS-TB_1x05-1MP_P1.25mm_Horizontal","1","",""
"J503","RADAR_US-D1 GH4","Connector_JST:JST_GH_SM04B-GHS-TB_1x04-1MP_P1.25mm_Horizontal","1","",""
"J504","GNSS_PPS GH2","Connector_JST:JST_GH_SM02B-GHS-TB_1x02-1MP_P1.25mm_Horizontal","1","",""
"J601","AI_SIGNALS GH8","Connector_JST:JST_GH_SM08B-GHS-TB_1x08-1MP_P1.25mm_Horizontal","1","",""
"J602","AI_OFF_SWITCH GH2","Connector_JST:JST_GH_SM02B-GHS-TB_1x02-1MP_P1.25mm_Horizontal","1","",""
"J603","SERVICE USB-C","Connector_USB:USB_C_Receptacle_GCT_USB4105-xx-A_16P_TopMnt_Horizontal","1","",""
"J604","AI_USB GH4","Connector_JST:JST_GH_SM04B-GHS-TB_1x04-1MP_P1.25mm_Horizontal","1","",""
"J701","TEMP_AI_HEATSINK GH4","Connector_JST:JST_GH_SM04B-GHS-TB_1x04-1MP_P1.25mm_Horizontal","1","",""
"J702","TEMP_AIR GH4","Connector_JST:JST_GH_SM04B-GHS-TB_1x04-1MP_P1.25mm_Horizontal","1","",""
"J801","VALVE1 XH2","Connector_JST:JST_XH_B2B-XH-A_1x02_P2.50mm_Vertical","1","",""
"J802","VALVE2 XH2","Connector_JST:JST_XH_B2B-XH-A_1x02_P2.50mm_Vertical","1","",""
"J803","LIGHTS XH2","Connector_JST:JST_XH_B2B-XH-A_1x02_P2.50mm_Vertical","1","",""
"J804","FAN XH2","Connector_JST:JST_XH_B2B-XH-A_1x02_P2.50mm_Vertical","1","",""
"J805","HEATER XH2","Connector_JST:JST_XH_B2B-XH-A_1x02_P2.50mm_Vertical","1","",""
"J806","PUMP_PWM + CAM_TRIG GH4","Connector_JST:JST_GH_SM04B-GHS-TB_1x04-1MP_P1.25mm_Horizontal","1","",""
"J901","CAM_FRONT_PWR XH2","Connector_JST:JST_XH_B2B-XH-A_1x02_P2.50mm_Vertical","1","",""
"J902","CAM_DOWN_PWR XH2","Connector_JST:JST_XH_B2B-XH-A_1x02_P2.50mm_Vertical","1","",""
"J1001","SWITCHBLOX_PWR GH2","Connector_JST:JST_GH_SM02B-GHS-TB_1x02-1MP_P1.25mm_Horizontal","1","",""
"JP411","TERM_CAN1 (замкнута)","Jumper:SolderJumper-2_P1.3mm_Bridged_RoundedPad1.0x1.5mm","1","",""
"JP421","TERM_CAN2","Jumper:SolderJumper-2_P1.3mm_Open_RoundedPad1.0x1.5mm","1","",""
"JP701","SET0","Jumper:SolderJumper-3_P1.3mm_Bridged12_RoundedPad1.0x1.5mm_NumberLabels","1","CHECK_DATASHEET",""
"JP702","SET1","Jumper:SolderJumper-3_P1.3mm_Bridged12_RoundedPad1.0x1.5mm_NumberLabels","1","CHECK_DATASHEET",""
"L201","4.7u 5A","Inductor_SMD:L_Bourns_SRP1245A","1","CHECK_DATASHEET",""
"L202","2.2u 4A","Inductor_SMD:L_Bourns_SRP5030T","1","CHECK_DATASHEET",""
"L411,L421","744232090","Inductor_SMD:L_CommonMode_Wurth_WE-CNSW-1206","2","",""
"PS201,PS202,PS203","TRACO THL 40-4812WI","Converter_DCDC:Converter_DCDC_TRACO_THL40-xxxxWI_THT","3","",""
"Q101","100V N-MOSFET >=40A D2PAK (напр. IPB180N10S4-02)","Package_TO_SOT_SMD:TO-263-2","1","CHECK_DATASHEET",""
"Q201","40V N-MOSFET >=40A D2PAK (напр. IPB017N06N3)","Package_TO_SOT_SMD:TO-263-2","1","CHECK_DATASHEET",""
"Q801,Q803,Q804","AO3400A","Package_TO_SOT_SMD:SOT-23","3","",""
"Q802","AO3401A","Package_TO_SOT_SMD:SOT-23","1","",""
"R101,R201","10","Resistor_SMD:R_0402_1005Metric","2","",""
"R102","191k 1%","Resistor_SMD:R_0603_1608Metric","1","РАСЧЁТ: calculations.md",""
"R103","14.3k 1%","Resistor_SMD:R_0603_1608Metric","1","РАСЧЁТ: calculations.md",""
"R104","95.3k 1%","Resistor_SMD:R_0603_1608Metric","1","РАСЧЁТ: calculations.md",""
"R105","4.02k 1%","Resistor_SMD:R_0603_1608Metric","1","РАСЧЁТ: calculations.md",""
"R106","24.9k","Resistor_SMD:R_0402_1005Metric","1","РАСЧЁТ: calculations.md",""
"R107,R108,R203,R207,R208,R211,R218,R219,R305,R306,R309,R413,R423,R433,R434,R701,R702,R807,R813,R823,R833","10k","Resistor_SMD:R_0402_1005Metric","21","CHECK_DATASHEET",""
"R109,R110,R214,R215,R216,R217","10","Resistor_SMD:R_0603_1608Metric","6","",""
"R202,R435","33k","Resistor_SMD:R_0402_1005Metric","2","CHECK_DATASHEET",""
"R204","47k","Resistor_SMD:R_0402_1005Metric","1","CHECK_DATASHEET",""
"R205","6.8k","Resistor_SMD:R_0402_1005Metric","1","CHECK_DATASHEET",""
"R206","18.7k","Resistor_SMD:R_0402_1005Metric","1","РАСЧЁТ: calculations.md",""
"R209,R210,R606,R805,R842,R852,R872","100k","Resistor_SMD:R_0402_1005Metric","7","",""
"R212","3.3k","Resistor_SMD:R_0402_1005Metric","1","",""
"R213,R302,R303,R304,R307,R308","1k","Resistor_SMD:R_0402_1005Metric","6","",""
"R301,R501,R502,R503,R504,R505,R506,R601,R602,R603,R604,R605,R607,R610,R841,R851,R861,R862,R871","100","Resistor_SMD:R_0402_1005Metric","19","",""
"R310,R311","2.2k DNP","Resistor_SMD:R_0402_1005Metric","2","","DNP"
"R411,R421","120","Resistor_SMD:R_0805_2012Metric","2","",""
"R414,R424","20k","Resistor_SMD:R_0402_1005Metric","2","",""
"R608,R609","5.1k","Resistor_SMD:R_0402_1005Metric","2","",""
"R703","0","Resistor_SMD:R_0402_1005Metric","1","",""
"R704,R705","33","Resistor_SMD:R_0402_1005Metric","2","",""
"R804,R811,R821,R831","4.7k","Resistor_SMD:R_0402_1005Metric","4","CHECK_DATASHEET",""
"R806","22k","Resistor_SMD:R_0402_1005Metric","1","",""
"R812,R822,R832","470","Resistor_SMD:R_0402_1005Metric","3","CHECK_DATASHEET",""
"RS101","10m 2W","Resistor_SMD:R_2512_6332Metric","1","РАСЧЁТ: calculations.md",""
"RS201","15m 1W","Resistor_SMD:R_2512_6332Metric","1","РАСЧЁТ: calculations.md",""
"RS202","10m 1W","Resistor_SMD:R_2512_6332Metric","1","",""
"TP101","VIN_PROT","TestPoint:TestPoint_Pad_D1.5mm","1","",""
"TP102","VIN_PGOOD","TestPoint:TestPoint_Pad_D1.5mm","1","",""
"TP103","INA_ALERT_N","TestPoint:TestPoint_Pad_D1.5mm","1","",""
"TP201","+12V","TestPoint:TestPoint_Pad_D1.5mm","1","",""
"TP202","+5V","TestPoint:TestPoint_Pad_D1.5mm","1","",""
"TP203","+3V3","TestPoint:TestPoint_Pad_D1.5mm","1","",""
"TP204","V12_AI","TestPoint:TestPoint_Pad_D1.5mm","1","",""
"TP205","AI_PGOOD","TestPoint:TestPoint_Pad_D1.5mm","1","",""
"TP206","AI_ALERT_N","TestPoint:TestPoint_Pad_D1.5mm","1","",""
"TP207","PG5","TestPoint:TestPoint_Pad_D1.5mm","1","",""
"TP208","V12_ALERT_N","TestPoint:TestPoint_Pad_D1.5mm","1","",""
"TP209","+12VA","TestPoint:TestPoint_Pad_D1.5mm","1","",""
"TP701","AI_PWR_EN","TestPoint:TestPoint_Pad_D1.5mm","1","",""
"TP702","AI_WDI","TestPoint:TestPoint_Pad_D1.5mm","1","",""
"TP703","TEMP_ALERT_INT","TestPoint:TestPoint_Pad_D1.5mm","1","",""
"TP801","ADC_RDY","TestPoint:TestPoint_Pad_D1.5mm","1","",""
"U101,U203","LM5069MM-2","Package_SO:MSOP-10_3x3mm_P0.5mm","2","",""
"U102,U204,U205","INA228AIDGSR","Package_SO:TSSOP-10_3x3mm_P0.5mm","3","I2C 0x45: A1=VS, A0=VS — CHECK_DATASHEET",""
"U201","TPS62133RGTR","Package_DFN_QFN:VQFN-16-1EP_3x3mm_P0.5mm_EP1.68x1.68mm_ThermalVias","1","CHECK_DATASHEET",""
"U202","AP2112K-3.3TRG1","Package_TO_SOT_SMD:SOT-23-5","1","",""
"U501,U502,U602,U704","TPD4E05U06DQA","Package_SON:USON-10_2.5x1.0mm_P0.5mm","4","",""
"U603","USBLC6-2SC6","Package_TO_SOT_SMD:SOT-23-6","1","",""
"U701","TPS3430WDRC","Package_SON:VSON-10-1EP_3x3mm_P0.5mm_EP1.65x2.4mm","1","",""
"U702","TMP117AIDRVR","Package_SON:WSON-6-1EP_2x2mm_P0.65mm_EP1x1.6mm","1","",""
"U703","SHT40-AD1B","Sensor_Humidity:Sensirion_DFN-4_1.5x1.5mm_P0.8mm_SHT4x_NoCentralPad","1","",""
"U801,U802,U803","BTS5030-1EJA","Package_SO:Infineon_PG-DSO-8-43","3","CHECK_DATASHEET",""
"U804","ADS1115IDGSR","Package_SO:TSSOP-10_3x3mm_P0.5mm","1","",""
