Ref,Val,Package,PosX,PosY,Rot,Side
"C101","DATA_REQUIRED","C_0402_1005Metric",152.855000,-72.905000,180.000000,bottom
"C102","1u 100V","C_1210_3225Metric",149.745000,-69.545000,180.000000,bottom
"C105","1u 100V","C_1210_3225Metric",132.745000,-99.045000,180.000000,bottom
"C107","100n 100V","C_0603_1608Metric",133.425000,-95.675000,180.000000,bottom
"C201","DATA_REQUIRED","C_0402_1005Metric",185.355000,-102.905000,180.000000,bottom
"C202","3.3n","C_0402_1005Metric",160.905000,-70.855000,90.000000,bottom
"C203","4.7u 100V","C_1210_3225Metric",133.045000,-91.745000,90.000000,bottom
"C204","22u 25V","C_1210_3225Metric",166.045000,-104.245000,90.000000,bottom
"C206","10u 25V","C_0805_2012Metric",166.145000,-108.425000,180.000000,bottom
"C207","22u 10V","C_0805_2012Metric",162.145000,-67.925000,180.000000,bottom
"C208","22u 10V","C_0805_2012Metric",164.145000,-70.925000,180.000000,bottom
"C209","1u","C_0603_1608Metric",162.425000,-65.175000,180.000000,bottom
"C210","1u","C_0603_1608Metric",169.675000,-103.425000,90.000000,bottom
"C211","10u","C_0805_2012Metric",169.925000,-107.645000,90.000000,bottom
"C212","10u 100V","C_1210_3225Metric",147.245000,-131.045000,180.000000,bottom
"C213","22u 25V","C_1210_3225Metric",174.245000,-103.545000,180.000000,bottom
"C215","100n","C_0402_1005Metric",165.355000,-110.905000,180.000000,bottom
"C216","100n","C_0603_1608Metric",134.925000,-142.675000,180.000000,bottom
"C217","100n","C_0603_1608Metric",127.425000,-142.675000,180.000000,bottom
"C218","22u 25V","C_1210_3225Metric",182.245000,-71.545000,180.000000,bottom
"C219","100n","C_0402_1005Metric",168.355000,-110.905000,180.000000,bottom
"C411","100n","C_0402_1005Metric",108.905000,-94.355000,90.000000,bottom
"C421","100n","C_0402_1005Metric",108.905000,-97.355000,90.000000,bottom
"C431","1n","C_0402_1005Metric",110.905000,-96.355000,90.000000,bottom
"C502","10u","C_0805_2012Metric",166.645000,-57.925000,180.000000,bottom
"C702","DATA_REQUIRED","C_0402_1005Metric",191.855000,-180.905000,180.000000,bottom
"C703","DATA_REQUIRED","C_0402_1005Metric",191.855000,-182.905000,180.000000,bottom
"C705","100n","C_0402_1005Metric",174.355000,-174.905000,180.000000,bottom
"C804","100n","C_0402_1005Metric",135.355000,-177.905000,180.000000,bottom
"C821","100n","C_0402_1005Metric",115.355000,-146.905000,180.000000,bottom
"C831","100n","C_0402_1005Metric",119.355000,-147.405000,180.000000,bottom
"C1002","100n","C_0402_1005Metric",128.905000,-82.355000,90.000000,bottom
"D202","SMAJ15A","D_SMA",179.195000,-105.445000,90.000000,bottom
"D204","12V","LED_0603_1608Metric",165.925000,-113.175000,180.000000,bottom
"D205","5V","LED_0603_1608Metric",171.175000,-111.925000,90.000000,bottom
"D206","3V3","LED_0603_1608Metric",172.675000,-107.925000,90.000000,bottom
"D303","ESD9B5.0ST5G","D_SOD-923",109.195000,-150.395000,180.000000,bottom
"D412","ESD9B5.0ST5G","D_SOD-923",194.195000,-61.395000,180.000000,bottom
"D421","NUP2105L","SOT-23",192.875000,-138.645000,180.000000,bottom
"D422","ESD9B5.0ST5G","D_SOD-923",194.195000,-59.395000,180.000000,bottom
"D432","ESD9B5.0ST5G","D_SOD-923",194.195000,-57.395000,180.000000,bottom
"D601","ESD9B5.0ST5G","D_SOD-923",179.195000,-190.895000,180.000000,bottom
"D603","ESD9B5.0ST5G","D_SOD-923",181.695000,-190.895000,180.000000,bottom
"D801","SS14","D_SMA",118.445000,-187.695000,180.000000,bottom
"D802","SS14","D_SMA",129.445000,-186.195000,180.000000,bottom
"D803","SS14","D_SMA",135.695000,-185.945000,90.000000,bottom
"D804","SS14","D_SMA",141.945000,-187.695000,180.000000,bottom
"D805","SS14","D_SMA",149.945000,-187.695000,180.000000,bottom
"D806","ESD9B5.0ST5G","D_SOD-923",194.195000,-172.395000,180.000000,bottom
"D807","BAT54C","SOT-23",140.375000,-183.145000,180.000000,bottom
"D808","SS14","D_SMA",142.195000,-176.945000,90.000000,bottom
"D809","ESD9B5.0ST5G","D_SOD-923",194.195000,-170.395000,180.000000,bottom
"D811","BAT54S","SOT-23",115.375000,-143.645000,180.000000,bottom
"D813","BAT54S","SOT-23",120.375000,-144.145000,180.000000,bottom
"F402","1.1A","Fuse_1812_4532Metric",193.895000,-156.895000,180.000000,bottom
"F403","0.2A","Fuse_1206_3216Metric",169.075000,-66.225000,90.000000,bottom
"F501","1.5A","Fuse_1812_4532Metric",133.395000,-70.895000,180.000000,bottom
"F502","0.5A","Fuse_1206_3216Metric",163.225000,-62.075000,180.000000,bottom
"F801","0.5A","Fuse_1206_3216Metric",131.575000,-181.225000,90.000000,bottom
"F802","1.5A","Fuse_1812_4532Metric",160.395000,-186.395000,90.000000,bottom
"F902","1.1A","Fuse_1812_4532Metric",171.895000,-189.395000,180.000000,bottom
"F1001","1.1A","Fuse_1812_4532Metric",143.395000,-71.395000,180.000000,bottom
"J301","PX_CAN1 GH4","JST_GH_SM04B-GHS-TB_1x04-1MP_P1.25mm_Horizontal",104.145000,-137.175000,90.000000,bottom
"J302","PX_CAN2 GH4","JST_GH_SM04B-GHS-TB_1x04-1MP_P1.25mm_Horizontal",104.145000,-147.675000,90.000000,bottom
"J306","PX_I2C GH4","JST_GH_SM04B-GHS-TB_1x04-1MP_P1.25mm_Horizontal",104.145000,-158.175000,90.000000,bottom
"J308","PX_RC_IN GH3","JST_GH_SM03B-GHS-TB_1x03-1MP_P1.25mm_Horizontal",104.145000,-168.045000,90.000000,bottom
"J311","FTS GH3","JST_GH_SM03B-GHS-TB_1x03-1MP_P1.25mm_Horizontal",104.145000,-177.545000,90.000000,bottom
"J602","AI_OFF_SWITCH GH2","JST_GH_SM02B-GHS-TB_1x02-1MP_P1.25mm_Horizontal",193.425000,-195.855000,180.000000,bottom
"J701","TEMP_AI_HEATSINK GH4","JST_GH_SM04B-GHS-TB_1x04-1MP_P1.25mm_Horizontal",173.675000,-195.855000,180.000000,bottom
"J702","TEMP_AIR GH4","JST_GH_SM04B-GHS-TB_1x04-1MP_P1.25mm_Horizontal",184.175000,-195.855000,180.000000,bottom
"J1004","AI_ETH1 GH4","JST_GH_SM04B-GHS-TB_1x04-1MP_P1.25mm_Horizontal",104.145000,-95.175000,90.000000,bottom
"J1005","SERVICE_ETH GH4","JST_GH_SM04B-GHS-TB_1x04-1MP_P1.25mm_Horizontal",104.145000,-105.675000,90.000000,bottom
"J1006","AI_ETH2 GH4","JST_GH_SM04B-GHS-TB_1x04-1MP_P1.25mm_Horizontal",104.145000,-116.175000,90.000000,bottom
"J1008","CAMD_ETH GH4","JST_GH_SM04B-GHS-TB_1x04-1MP_P1.25mm_Horizontal",104.145000,-126.675000,90.000000,bottom
"R101","10","R_0402_1005Metric",167.875000,-72.915000,180.000000,bottom
"R102","1M","R_0603_1608Metric",138.675000,-70.425000,90.000000,bottom
"R103","68k","R_0603_1608Metric",133.425000,-82.175000,180.000000,bottom
"R105","41.2k","R_0603_1608Metric",133.425000,-84.675000,180.000000,bottom
"R106","DATA_REQUIRED","R_0402_1005Metric",153.415000,-70.375000,90.000000,bottom
"R107","10k","R_0402_1005Metric",149.875000,-72.915000,180.000000,bottom
"R108","10k","R_0402_1005Metric",128.915000,-99.375000,90.000000,bottom
"R110","10","R_0603_1608Metric",168.425000,-70.675000,180.000000,bottom
"R201","10","R_0402_1005Metric",174.915000,-110.375000,90.000000,bottom
"R202","33k","R_0402_1005Metric",175.915000,-107.375000,90.000000,bottom
"R203","10k","R_0402_1005Metric",183.375000,-119.415000,180.000000,bottom
"R204","47k","R_0402_1005Metric",182.415000,-102.875000,90.000000,bottom
"R205","6.8k","R_0402_1005Metric",183.375000,-105.415000,180.000000,bottom
"R206","DATA_REQUIRED","R_0402_1005Metric",186.375000,-104.915000,180.000000,bottom
"R208","10k","R_0402_1005Metric",130.415000,-143.375000,90.000000,bottom
"R210","100k","R_0402_1005Metric",165.415000,-67.875000,90.000000,bottom
"R211","10k","R_0402_1005Metric",165.375000,-115.415000,180.000000,bottom
"R213","1k","R_0402_1005Metric",176.915000,-110.875000,90.000000,bottom
"R214","10","R_0603_1608Metric",169.925000,-115.175000,180.000000,bottom
"R215","10","R_0603_1608Metric",165.175000,-118.425000,90.000000,bottom
"R216","10","R_0603_1608Metric",167.675000,-118.425000,90.000000,bottom
"R217","10","R_0603_1608Metric",126.925000,-140.175000,180.000000,bottom
"R218","10k","R_0402_1005Metric",123.915000,-143.375000,90.000000,bottom
"R301","100","R_0402_1005Metric",110.875000,-145.915000,180.000000,bottom
"R304","1k","R_0402_1005Metric",108.915000,-133.375000,90.000000,bottom
"R306","10k","R_0402_1005Metric",108.915000,-116.375000,90.000000,bottom
"R307","1k","R_0402_1005Metric",108.915000,-152.875000,90.000000,bottom
"R310","2.2k DNP","R_0402_1005Metric",120.875000,-140.415000,180.000000,bottom
"R311","2.2k DNP","R_0402_1005Metric",121.375000,-138.415000,180.000000,bottom
"R421","120","R_0805_2012Metric",193.125000,-142.395000,180.000000,bottom
"R423","10k","R_0402_1005Metric",165.875000,-65.415000,180.000000,bottom
"R434","10k","R_0402_1005Metric",166.915000,-61.875000,90.000000,bottom
"R435","33k","R_0402_1005Metric",123.375000,-90.915000,180.000000,bottom
"R502","100","R_0402_1005Metric",118.875000,-72.915000,180.000000,bottom
"R504","100","R_0402_1005Metric",134.415000,-87.375000,90.000000,bottom
"R506","100","R_0402_1005Metric",160.915000,-58.375000,90.000000,bottom
"R602","100","R_0402_1005Metric",151.875000,-169.415000,180.000000,bottom
"R608","5.1k","R_0402_1005Metric",104.875000,-188.415000,180.000000,bottom
"R609","5.1k","R_0402_1005Metric",107.875000,-188.415000,180.000000,bottom
"R701","10k","R_0402_1005Metric",191.875000,-167.915000,180.000000,bottom
"R702","10k","R_0402_1005Metric",121.915000,-147.875000,90.000000,bottom
"R705","33","R_0402_1005Metric",136.875000,-154.415000,180.000000,bottom
"R804","4.7k","R_0402_1005Metric",124.415000,-188.375000,90.000000,bottom
"R805","100k","R_0402_1005Metric",117.875000,-140.415000,180.000000,bottom
"R806","22k","R_0402_1005Metric",115.415000,-139.875000,90.000000,bottom
"R807","10k","R_0402_1005Metric",112.875000,-140.415000,180.000000,bottom
"R811","4.7k","R_0402_1005Metric",108.915000,-136.875000,90.000000,bottom
"R812","470","R_0402_1005Metric",113.415000,-188.375000,90.000000,bottom
"R821","4.7k","R_0402_1005Metric",118.375000,-137.915000,180.000000,bottom
"R822","470","R_0402_1005Metric",134.875000,-180.915000,180.000000,bottom
"R831","4.7k","R_0402_1005Metric",123.915000,-138.375000,90.000000,bottom
"R841","100","R_0402_1005Metric",126.875000,-134.915000,180.000000,bottom
"R842","100k","R_0402_1005Metric",138.375000,-179.915000,180.000000,bottom
"R851","100","R_0402_1005Metric",131.875000,-137.415000,180.000000,bottom
"R861","100","R_0402_1005Metric",166.375000,-144.415000,180.000000,bottom
"R862","100","R_0402_1005Metric",168.915000,-143.375000,90.000000,bottom
"R871","100","R_0402_1005Metric",130.875000,-132.915000,180.000000,bottom
"R872","100k","R_0402_1005Metric",135.875000,-156.415000,180.000000,bottom
"RS202","10m 1W","R_2512_6332Metric",190.875000,-90.275000,90.000000,bottom
"BZ801","12V active buzzer","Buzzer_12x9.5RM7.6",147.397500,-178.696200,0.000000,top
"C103","100u 100V","CP_Elec_10x10.5",118.095000,-134.945000,0.000000,top
"C104","100u 100V","CP_Elec_10x10.5",132.595000,-134.945000,0.000000,top
"C106","100n","C_0402_1005Metric",134.405000,-95.355000,90.000000,top
"C205","100u 25V","CP_Elec_10x10.5",147.095000,-134.945000,0.000000,top
"C214","100u 25V","CP_Elec_10x10.5",161.595000,-146.445000,0.000000,top
"C501","10u 25V","C_1210_3225Metric",134.245000,-70.545000,0.000000,top
"C701","100n","C_0402_1005Metric",169.905000,-177.355000,90.000000,top
"C704","100n","C_0402_1005Metric",174.355000,-174.905000,0.000000,top
"C805","10u 25V","C_1210_3225Metric",135.745000,-174.545000,0.000000,top
"C811","100n","C_0402_1005Metric",112.905000,-143.855000,90.000000,top
"C901","10u 25V","C_1210_3225Metric",155.745000,-187.545000,0.000000,top
"C902","10u 25V","C_1210_3225Metric",170.545000,-189.245000,90.000000,top
"C1001","22u 10V","C_0805_2012Metric",130.145000,-82.425000,0.000000,top
"D101","SM6T75A","D_SMB",142.595000,-71.195000,0.000000,top
"D203","BAT54WS","D_SOD-323",189.545000,-144.395000,0.000000,top
"D301","ESD9B5.0ST5G","D_SOD-923",109.195000,-177.395000,0.000000,top
"D302","ESD9B5.0ST5G","D_SOD-923",109.195000,-148.895000,0.000000,top
"D304","ESD9B5.0ST5G","D_SOD-923",109.195000,-152.895000,0.000000,top
"D411","NUP2105L","SOT-23",185.375000,-117.145000,0.000000,top
"D433","BAT54S","SOT-23",110.145000,-96.875000,90.000000,top
"D602","ESD9B5.0ST5G","D_SOD-923",194.195000,-190.895000,0.000000,top
"D812","BAT54S","SOT-23",113.875000,-147.645000,0.000000,top
"F101","7A 60V Littelfuse 0456007","Fuse_Littelfuse-NANO2-451_453",120.135000,-63.275000,0.000000,top
"F202","3A 60V Littelfuse 0456003","Fuse_Littelfuse-NANO2-451_453",172.135000,-63.275000,0.000000,top
"F401","0.5A","Fuse_1206_3216Metric",167.725000,-72.075000,0.000000,top
"F901","1.1A","Fuse_1812_4532Metric",160.895000,-186.395000,90.000000,top
"J101","PDB_14S XT30","AMASS_XT30PW-M_1x02_P2.50mm_Horizontal",154.595000,-64.545000,0.000000,top
"J202","AI_POWER_12V XT30","AMASS_XT30PW-F_1x02_P2.50mm_Horizontal",105.595000,-65.495000,0.000000,top
"J303","PX_TELEM1 SIYI GH6","JST_GH_SM06B-GHS-TB_1x06-1MP_P1.25mm_Horizontal",104.145000,-111.925000,-90.000000,top
"J304","PX_TELEM2 AI GH6","JST_GH_SM06B-GHS-TB_1x06-1MP_P1.25mm_Horizontal",104.145000,-124.925000,-90.000000,top
"J305","PX_TELEM3 RADAR GH6","JST_GH_SM06B-GHS-TB_1x06-1MP_P1.25mm_Horizontal",104.145000,-137.925000,-90.000000,top
"J307","PX_AD&IO GH8","JST_GH_SM08B-GHS-TB_1x08-1MP_P1.25mm_Horizontal",104.145000,-97.675000,-90.000000,top
"J309","PX_MAIN 1-8","PinHeader_1x10_P2.54mm_Vertical",102.715000,-83.215000,90.000000,top
"J310","PX_AUX 1-8","PinHeader_1x10_P2.54mm_Vertical",102.715000,-87.715000,90.000000,top
"J312","MODE_SWITCH + LID/BATT_LATCH GH6","JST_GH_SM06B-GHS-TB_1x06-1MP_P1.25mm_Horizontal",104.145000,-150.925000,-90.000000,top
"J401","CAN1 ESC CHAIN START GH4","JST_GH_SM04B-GHS-TB_1x04-1MP_P1.25mm_Horizontal",195.855000,-86.675000,90.000000,top
"J402","CAN1 ESC CHAIN RETURN GH4","JST_GH_SM04B-GHS-TB_1x04-1MP_P1.25mm_Horizontal",195.855000,-97.175000,90.000000,top
"J407","PM08-CAN GH4","JST_GH_SM04B-GHS-TB_1x04-1MP_P1.25mm_Horizontal",195.855000,-107.675000,90.000000,top
"J408","BMS CAN GH4","JST_GH_SM04B-GHS-TB_1x04-1MP_P1.25mm_Horizontal",195.855000,-118.175000,90.000000,top
"J409","REMOTE_ID GH4","JST_GH_SM04B-GHS-TB_1x04-1MP_P1.25mm_Horizontal",195.855000,-128.675000,90.000000,top
"J410","GNSS2 (резерв) GH4","JST_GH_SM04B-GHS-TB_1x04-1MP_P1.25mm_Horizontal",195.855000,-139.175000,90.000000,top
"J411","OBSTACLE_1 GH4","JST_GH_SM04B-GHS-TB_1x04-1MP_P1.25mm_Horizontal",195.855000,-149.675000,90.000000,top
"J412","OBSTACLE_2 GH4","JST_GH_SM04B-GHS-TB_1x04-1MP_P1.25mm_Horizontal",195.855000,-160.175000,90.000000,top
"J413","SPRAY_SENSORS GH8 (давл./уровень/расход)","JST_GH_SM08B-GHS-TB_1x08-1MP_P1.25mm_Horizontal",195.855000,-58.175000,90.000000,top
"J421","ESC1-6 PWM backup GH8","JST_GH_SM08B-GHS-TB_1x08-1MP_P1.25mm_Horizontal",195.855000,-73.675000,90.000000,top
"J501","SIYI_PWR XT30","AMASS_XT30PW-F_1x02_P2.50mm_Horizontal",134.095000,-65.495000,0.000000,top
"J502","SIYI_DATA GH5","JST_GH_SM05B-GHS-TB_1x05-1MP_P1.25mm_Horizontal",121.795000,-54.145000,180.000000,top
"J503","RADAR_US-D1 GH4","JST_GH_SM04B-GHS-TB_1x04-1MP_P1.25mm_Horizontal",165.175000,-54.145000,180.000000,top
"J504","GNSS_PPS GH2","JST_GH_SM02B-GHS-TB_1x02-1MP_P1.25mm_Horizontal",174.425000,-54.145000,180.000000,top
"J601","AI_SIGNALS GH8","JST_GH_SM08B-GHS-TB_1x08-1MP_P1.25mm_Horizontal",176.175000,-195.855000,0.000000,top
"J603","SERVICE USB-C","USB_C_Receptacle_GCT_USB4105-xx-A_16P_TopMnt_Horizontal",106.265000,-194.875000,0.000000,top
"J604","AI_USB GH4","JST_GH_SM04B-GHS-TB_1x04-1MP_P1.25mm_Horizontal",189.175000,-195.855000,0.000000,top
"J801","VALVE1 XH2","JST_XH_B2B-XH-A_1x02_P2.50mm_Vertical",115.795000,-196.105000,90.000000,top
"J802","VALVE2 XH2","JST_XH_B2B-XH-A_1x02_P2.50mm_Vertical",123.795000,-196.105000,90.000000,top
"J803","LIGHTS XH2","JST_XH_B2B-XH-A_1x02_P2.50mm_Vertical",131.795000,-196.105000,90.000000,top
"J804","FAN XH2","JST_XH_B2B-XH-A_1x02_P2.50mm_Vertical",139.795000,-196.105000,90.000000,top
"J805","HEATER XH2","JST_XH_B2B-XH-A_1x02_P2.50mm_Vertical",147.795000,-196.105000,90.000000,top
"J806","PUMP_PWM + CAM_TRIG GH4","JST_GH_SM04B-GHS-TB_1x04-1MP_P1.25mm_Horizontal",195.855000,-170.675000,90.000000,top
"J901","CAM_FRONT_PWR XH2","JST_XH_B2B-XH-A_1x02_P2.50mm_Vertical",155.795000,-196.105000,90.000000,top
"J902","CAM_DOWN_PWR XH2","JST_XH_B2B-XH-A_1x02_P2.50mm_Vertical",163.795000,-196.105000,90.000000,top
"J1001","PX_ETH GH4","JST_GH_SM04B-GHS-TB_1x04-1MP_P1.25mm_Horizontal",104.145000,-162.675000,-90.000000,top
"J1002","SIYI_ETH GH4","JST_GH_SM04B-GHS-TB_1x04-1MP_P1.25mm_Horizontal",104.145000,-173.175000,-90.000000,top
"J1003","CAMF_ETH GH4","JST_GH_SM04B-GHS-TB_1x04-1MP_P1.25mm_Horizontal",104.145000,-183.675000,-90.000000,top
"J1007","ETH_SWITCH_MODULE 2x13","PinHeader_2x13_P2.54mm_Vertical",102.725000,-78.765000,90.000000,top
"L201","4.7u 5A","L_Bourns_SRP1245A",171.795000,-133.445000,0.000000,top
"L202","2.2u 4A","L_Bourns_SRP5030T",163.945000,-64.295000,0.000000,top
"L411","744232090","L_CommonMode_Wurth_WE-CNSW-1206",161.095000,-130.495000,0.000000,top
"L421","744232090","L_CommonMode_Wurth_WE-CNSW-1206",182.595000,-139.995000,0.000000,top
"PS201","TRACO TEP 75-4812WI","DCDC_2x1in_PLACEHOLDER",161.845000,-87.645000,0.000000,top
"PS202","DATA_REQUIRED изолир. 48V->12V >=100W","DCDC_2x1in_PLACEHOLDER",137.345000,-115.145000,0.000000,top
"Q101","100V N-MOSFET >=40A D2PAK (напр. IPB180N10S4-02)","TO-263-2",174.645000,-107.595000,0.000000,top
"Q201","40V N-MOSFET >=40A D2PAK (напр. IPB017N06N3)","TO-263-2",174.645000,-120.095000,0.000000,top
"Q801","AO3400A","SOT-23",144.375000,-187.645000,0.000000,top
"Q802","AO3401A","SOT-23",136.875000,-179.145000,0.000000,top
"Q803","AO3400A","SOT-23",149.375000,-187.645000,0.000000,top
"Q804","AO3400A","SOT-23",141.875000,-179.145000,0.000000,top
"R104","1M","R_0603_1608Metric",134.175000,-82.925000,90.000000,top
"R109","10","R_0603_1608Metric",133.425000,-86.175000,0.000000,top
"R207","10k","R_0402_1005Metric",187.415000,-102.875000,90.000000,top
"R209","100k","R_0402_1005Metric",152.875000,-68.415000,0.000000,top
"R212","3.3k","R_0402_1005Metric",166.375000,-69.415000,0.000000,top
"R302","1k","R_0402_1005Metric",108.915000,-146.375000,90.000000,top
"R303","1k","R_0402_1005Metric",108.915000,-131.875000,90.000000,top
"R305","10k","R_0402_1005Metric",108.915000,-114.875000,90.000000,top
"R308","1k","R_0402_1005Metric",108.915000,-135.375000,90.000000,top
"R309","10k","R_0402_1005Metric",108.915000,-117.875000,90.000000,top
"R411","120","R_0805_2012Metric",186.625000,-123.895000,0.000000,top
"R413","10k","R_0402_1005Metric",149.875000,-68.415000,0.000000,top
"R414","20k","R_0402_1005Metric",121.875000,-90.915000,0.000000,top
"R424","20k","R_0402_1005Metric",128.915000,-86.375000,90.000000,top
"R433","10k","R_0402_1005Metric",189.875000,-59.415000,0.000000,top
"R501","100","R_0402_1005Metric",118.875000,-72.915000,0.000000,top
"R503","100","R_0402_1005Metric",118.375000,-94.915000,0.000000,top
"R505","100","R_0402_1005Metric",134.415000,-88.875000,90.000000,top
"R601","100","R_0402_1005Metric",151.375000,-169.915000,0.000000,top
"R603","100","R_0402_1005Metric",171.375000,-147.415000,0.000000,top
"R604","100","R_0402_1005Metric",182.875000,-188.915000,0.000000,top
"R605","100","R_0402_1005Metric",185.415000,-190.375000,90.000000,top
"R606","100k","R_0402_1005Metric",191.375000,-187.915000,0.000000,top
"R607","100","R_0402_1005Metric",192.875000,-177.915000,0.000000,top
"R610","100","R_0402_1005Metric",160.875000,-155.915000,0.000000,top
"R703","0","R_0402_1005Metric",126.375000,-157.915000,0.000000,top
"R704","33","R_0402_1005Metric",136.875000,-154.915000,0.000000,top
"R813","10k","R_0402_1005Metric",113.875000,-161.915000,0.000000,top
"R823","10k","R_0402_1005Metric",122.875000,-161.415000,0.000000,top
"R832","470","R_0402_1005Metric",142.915000,-183.875000,90.000000,top
"R833","10k","R_0402_1005Metric",128.375000,-161.915000,0.000000,top
"R852","100k","R_0402_1005Metric",139.875000,-161.915000,0.000000,top
"RS101","6m 2W","R_2512_6332Metric",180.775000,-63.375000,0.000000,top
"RS201","5m 1W","R_2512_6332Metric",183.275000,-68.375000,0.000000,top
"U101","LM5069MM-1","MSOP-10_3x3mm_P0.5mm",150.545000,-71.695000,0.000000,top
"U102","INA228AIDGSR","TSSOP-10_3x3mm_P0.5mm",131.575000,-99.195000,0.000000,top
"U201","TPS62133RGTR","VQFN-16-1EP_3x3mm_P0.5mm_EP1.68x1.68mm_ThermalVias",157.075000,-70.075000,0.000000,top
"U202","AP2112K-3.3TRG1","SOT-23-5",162.495000,-70.145000,0.000000,top
"U203","LM5069MM-2","MSOP-10_3x3mm_P0.5mm",184.195000,-105.045000,90.000000,top
"U204","INA228AIDGSR","TSSOP-10_3x3mm_P0.5mm",132.575000,-143.195000,0.000000,top
"U205","INA228AIDGSR","TSSOP-10_3x3mm_P0.5mm",125.075000,-143.195000,0.000000,top
"U501","TPD4E05U06DQA","USON-10_2.5x1.0mm_P0.5mm",127.355000,-59.945000,0.000000,top
"U502","TPD4E05U06DQA","USON-10_2.5x1.0mm_P0.5mm",165.945000,-59.355000,90.000000,top
"U602","TPD4E05U06DQA","USON-10_2.5x1.0mm_P0.5mm",175.445000,-190.355000,90.000000,top
"U603","USBLC6-2SC6","SOT-23-6",126.495000,-187.645000,0.000000,top
"U701","TPS3430WDRC","VSON-10-1EP_3x3mm_P0.5mm_EP1.65x2.4mm",193.095000,-181.595000,0.000000,top
"U702","TMP117AIDRVR","WSON-6-1EP_2x2mm_P0.65mm_EP1x1.6mm",121.775000,-147.195000,0.000000,top
"U703","SHT40-AD1B","Sensirion_DFN-4_1.5x1.5mm_P0.8mm_SHT4x_NoCentralPad",118.145000,-146.945000,0.000000,top
"U704","TPD4E05U06DQA","USON-10_2.5x1.0mm_P0.5mm",179.445000,-190.355000,90.000000,top
"U801","BTS5030-1EJA","Infineon_PG-DSO-8-43",116.695000,-186.695000,0.000000,top
"U802","BTS5030-1EJA","Infineon_PG-DSO-8-43",132.195000,-185.695000,90.000000,top
"U803","BTS5030-1EJA","Infineon_PG-DSO-8-43",138.695000,-185.695000,90.000000,top
"U804","ADS1115IDGSR","TSSOP-10_3x3mm_P0.5mm",117.575000,-143.195000,0.000000,top
